"","Country/Region","Date","R","ci_95_u","ci_95_l","ci_65_u","ci_65_l","days_infectious","last_updated"
"1","Georgia",2020-03-31,0.858785664918374,1.33027787431608,0.362558143693579,1.08740409608967,0.628608655154803,7,2021-02-25
"2","Georgia",2020-04-01,0.886548993917586,1.31311613237504,0.447596574918416,1.09204361833241,0.680577700428166,7,2021-02-25
"3","Georgia",2020-04-02,0.946084248617706,1.34721909634083,0.545534148001138,1.13743750538073,0.75557684264252,7,2021-02-25
"4","Georgia",2020-04-03,0.969886677937571,1.35780372138157,0.584935473370621,1.15319701841377,0.786063125343993,7,2021-02-25
"5","Georgia",2020-04-04,0.937025938356053,1.31526820353218,0.548922873693606,1.11645513422777,0.758517438403259,7,2021-02-25
"6","Georgia",2020-04-05,0.944853702710792,1.31751844972693,0.563062924517816,1.12328558435942,0.76877879445434,7,2021-02-25
"7","Georgia",2020-04-06,0.955860910782337,1.32411425185469,0.57475420759734,1.13004702938642,0.782132755474852,7,2021-02-25
"8","Georgia",2020-04-07,0.95593332487862,1.31975870963541,0.577363554081336,1.12921750207457,0.784018184335792,7,2021-02-25
"9","Georgia",2020-04-08,0.984816463478453,1.3435991362577,0.615301865511283,1.15646096065961,0.814897829728394,7,2021-02-25
"10","Georgia",2020-04-09,0.996296386643239,1.35891116846156,0.618329927175322,1.16965682751604,0.826004169025426,7,2021-02-25
"11","Georgia",2020-04-10,1.04458317449692,1.41394619832455,0.679701930522903,1.21427862774147,0.873701916705671,7,2021-02-25
"12","Georgia",2020-04-11,1.06808068557903,1.44045910963168,0.702376755398044,1.23935389684947,0.897878878546283,7,2021-02-25
"13","Georgia",2020-04-12,1.13088931511333,1.5186182507554,0.769144052671341,1.30452819511495,0.956666732161997,7,2021-02-25
"14","Georgia",2020-04-13,1.18485380317901,1.59123782992277,0.82359309767806,1.36267835975475,1.00386789585153,7,2021-02-25
"15","Georgia",2020-04-14,1.23902503654873,1.66563970215237,0.861544796324721,1.42986953209286,1.04593308606218,7,2021-02-25
"16","Georgia",2020-04-15,1.21109989620805,1.62473399340836,0.845381721486525,1.3942268017502,1.02594441311521,7,2021-02-25
"17","Georgia",2020-04-16,1.2618830986874,1.71883673673429,0.873403108964124,1.46273518873668,1.05882391410559,7,2021-02-25
"18","Georgia",2020-04-17,1.15786363952686,1.5557043621095,0.793681824526857,1.33760492563463,0.977524474350144,7,2021-02-25
"19","Georgia",2020-04-18,1.05057425704275,1.41772292445507,0.685705508372443,1.22103611197326,0.880561609835725,7,2021-02-25
"20","Georgia",2020-04-19,0.947899721977113,1.30922037509909,0.558732590611064,1.12226758545073,0.774712708664807,7,2021-02-25
"21","Georgia",2020-04-20,0.896033796058235,1.25773279790534,0.488406239639264,1.07418690461432,0.718090217447274,7,2021-02-25
"22","Georgia",2020-04-21,0.879078901421026,1.24368667599922,0.460997786305404,1.05971075520402,0.700531166961221,7,2021-02-25
"23","Georgia",2020-04-22,0.902144043168693,1.26089723957138,0.50737459756879,1.07918736307141,0.727095776445367,7,2021-02-25
"24","Georgia",2020-04-23,0.949942934400563,1.30878084457059,0.575417766104259,1.11997358976871,0.778900873172522,7,2021-02-25
"25","Georgia",2020-04-24,1.02103625982974,1.39234312733448,0.663220492740147,1.19146076522999,0.850899126291075,7,2021-02-25
"26","Georgia",2020-04-25,1.04629382851713,1.42907880619823,0.686084614972828,1.22046236534704,0.873388406294771,7,2021-02-25
"27","Georgia",2020-04-26,1.08937534179712,1.49973757267458,0.729215459975978,1.2677054539637,0.909628388184072,7,2021-02-25
"28","Georgia",2020-04-27,1.03013878166635,1.41249709795431,0.672827610370429,1.19815765838259,0.861476773537083,7,2021-02-25
"29","Georgia",2020-04-28,1.00367994709884,1.38473602351695,0.649713076723062,1.17076067042905,0.833431571017729,7,2021-02-25
"30","Georgia",2020-04-29,0.983753188523849,1.36143233579242,0.620055697244884,1.15042301422026,0.815570855663108,7,2021-02-25
"31","Georgia",2020-04-30,1.01712281296767,1.40806493897602,0.656408148891267,1.19274765206178,0.841431871783107,7,2021-02-25
"32","Georgia",2020-05-01,0.996911062710577,1.39220199155046,0.635458823074673,1.17041233428159,0.820818042355758,7,2021-02-25
"33","Georgia",2020-05-02,0.908606423946418,1.27134573971267,0.549688438919548,1.07772725568257,0.741256378556206,7,2021-02-25
"34","Georgia",2020-05-03,0.814381110037739,1.16898972638698,0.434710497830617,0.984575517197419,0.642580102923497,7,2021-02-25
"35","Georgia",2020-05-04,0.752338242310324,1.10720347333647,0.360806905324595,0.929266702684482,0.576020641594467,7,2021-02-25
"36","Georgia",2020-05-05,0.732936882955225,1.08477921599637,0.337901009856354,0.909940031058321,0.558076367729549,7,2021-02-25
"37","Georgia",2020-05-06,0.700268412696135,1.05826407695968,0.301070939065187,0.879350447713549,0.519789396619315,7,2021-02-25
"38","Georgia",2020-05-07,0.687441587464356,1.04779514522646,0.285088484012733,0.868094920668361,0.50640055063872,7,2021-02-25
"39","Georgia",2020-05-08,0.696412739534218,1.05678770562436,0.298437600485468,0.875246482722137,0.520007896027263,7,2021-02-25
"40","Georgia",2020-05-09,0.698310839965512,1.0604125526404,0.303861777787921,0.877454559037972,0.520544212257015,7,2021-02-25
"41","Georgia",2020-05-10,0.734320134932995,1.08999844355206,0.353084284274118,0.907096036754942,0.561988969051813,7,2021-02-25
"42","Georgia",2020-05-11,0.750743361928188,1.1010993683985,0.367252265961622,0.923854851082062,0.579403677179642,7,2021-02-25
"43","Georgia",2020-05-12,0.801764856456931,1.15810531903496,0.433402599079989,0.970130348633748,0.631942612205051,7,2021-02-25
"44","Georgia",2020-05-13,0.882676521457353,1.25675282284915,0.523368366552094,1.05231219977271,0.713621182879144,7,2021-02-25
"45","Georgia",2020-05-14,0.987769596174699,1.41349901711974,0.624797862160044,1.17144371817525,0.802219189047044,7,2021-02-25
"46","Georgia",2020-05-15,0.948002962206634,1.33827781495209,0.589205205100159,1.12518189025881,0.772187388616502,7,2021-02-25
"47","Georgia",2020-05-16,0.9550342683218,1.35449467870905,0.59630031143543,1.12901864728404,0.780012147399163,7,2021-02-25
"48","Georgia",2020-05-17,0.926717225017343,1.31220388230678,0.569247711005307,1.09822483405542,0.754367388783774,7,2021-02-25
"49","Georgia",2020-05-18,0.863613769376793,1.22509053562308,0.505458160910554,1.03400628218855,0.693971622034593,7,2021-02-25
"50","Georgia",2020-05-19,0.821169495895264,1.17763057791765,0.449355561273697,0.990559825713723,0.651193289912498,7,2021-02-25
"51","Georgia",2020-05-20,0.791488265236195,1.14599106894322,0.408947432632315,0.962082599126123,0.619444636978857,7,2021-02-25
"52","Georgia",2020-05-21,0.767869691921994,1.12018843115722,0.385082261304652,0.942465021973603,0.59381266133563,7,2021-02-25
"53","Georgia",2020-05-22,0.722914241904087,1.08638942502945,0.317171758161043,0.904838165601835,0.541133050797067,7,2021-02-25
"54","Georgia",2020-05-23,0.715481446330139,1.08027957642913,0.300330928120911,0.901407009301335,0.530423301969334,7,2021-02-25
"55","Georgia",2020-05-24,0.705866940106517,1.07934932390307,0.279461698425687,0.896767350284324,0.514536873599902,7,2021-02-25
"56","Georgia",2020-05-25,0.730220968713134,1.10661223381716,0.294063606156913,0.923199747164422,0.535611051720499,7,2021-02-25
"57","Georgia",2020-05-26,0.798383698563,1.16692810130652,0.371619484069552,0.980534758396924,0.614650980071744,7,2021-02-25
"58","Georgia",2020-05-27,0.916307482536084,1.27213778055476,0.536701445359507,1.08623689576256,0.74486442401377,7,2021-02-25
"59","Georgia",2020-05-28,1.0580117577176,1.43812640579245,0.698534563099979,1.2296113116911,0.883841672507181,7,2021-02-25
"60","Georgia",2020-05-29,1.23957748535088,1.70657783495181,0.84655335335052,1.44599087877337,1.03339422177886,7,2021-02-25
"61","Georgia",2020-05-30,1.37325290000903,1.94230355756572,0.91790045308224,1.62106127962724,1.12160444289865,7,2021-02-25
"62","Georgia",2020-05-31,1.43943138325932,2.07539207950721,0.947900487056901,1.71560404477293,1.15936136246245,7,2021-02-25
"63","Georgia",2020-06-01,1.24482402170751,1.69270982293487,0.85458697783011,1.44537105706662,1.04465425788199,7,2021-02-25
"64","Georgia",2020-06-02,1.05632307798469,1.42807699644055,0.69142883125882,1.22771181676638,0.888497818189747,7,2021-02-25
"65","Georgia",2020-06-03,0.94068110220039,1.30493052070451,0.545621871325889,1.11622625452122,0.766861964164481,7,2021-02-25
"66","Georgia",2020-06-04,0.86193659877133,1.2354121159186,0.432710390973906,1.04863898622634,0.673248888151772,7,2021-02-25
"67","Georgia",2020-06-05,0.842978812489421,1.21374226330453,0.416065190489111,1.03107681253543,0.654522551605969,7,2021-02-25
"68","Georgia",2020-06-06,0.84232850405426,1.21143708801299,0.408633311330781,1.03015642876432,0.655059387457806,7,2021-02-25
"69","Georgia",2020-06-07,0.864989078665434,1.23225938611278,0.449426858741079,1.04981007469579,0.680335911395949,7,2021-02-25
"70","Georgia",2020-06-08,0.943473312311727,1.2984869009113,0.55596725031242,1.11629533823114,0.771556478624414,7,2021-02-25
"71","Georgia",2020-06-09,1.05233222814238,1.42735141960841,0.694443760092762,1.22136966757679,0.882244713479608,7,2021-02-25
"72","Georgia",2020-06-10,1.14163619337166,1.53918657966426,0.783900713794942,1.31856418858603,0.965090873752139,7,2021-02-25
"73","Georgia",2020-06-11,1.17117918868043,1.57685180636327,0.806163565783716,1.35295459361517,0.988873577635917,7,2021-02-25
"74","Georgia",2020-06-12,1.24480744632592,1.69439479122201,0.862908048572995,1.44478954375766,1.04228333360827,7,2021-02-25
"75","Georgia",2020-06-13,1.23250112056004,1.67808781289996,0.847240494008885,1.43156837258661,1.03285150335082,7,2021-02-25
"76","Georgia",2020-06-14,1.22358171674172,1.67488954451264,0.829019656275514,1.42475533142464,1.0222969372188,7,2021-02-25
"77","Georgia",2020-06-15,1.15117780349855,1.57818911629565,0.780499545803298,1.33592337253264,0.963357509297888,7,2021-02-25
"78","Georgia",2020-06-16,1.00518512638011,1.37752230037468,0.640824167176601,1.17640562550901,0.83360190838619,7,2021-02-25
"79","Georgia",2020-06-17,0.950022512774061,1.31613957457611,0.582746074462562,1.11945516258507,0.780238194257061,7,2021-02-25
"80","Georgia",2020-06-18,0.868464806316628,1.23391415004457,0.486475485868081,1.04149039748684,0.694517295611966,7,2021-02-25
"81","Georgia",2020-06-19,0.803502339142344,1.16951149519123,0.405767407526768,0.982699678059115,0.626682323519258,7,2021-02-25
"82","Georgia",2020-06-20,0.769524341215791,1.13273169010034,0.361821103737412,0.948963632173401,0.592375673802382,7,2021-02-25
"83","Georgia",2020-06-21,0.774575603244666,1.13717205516446,0.386403149443489,0.952940951233656,0.597156806924069,7,2021-02-25
"84","Georgia",2020-06-22,0.724449824189897,1.09385636943894,0.322482457391084,0.907809533250884,0.542722085749686,7,2021-02-25
"85","Georgia",2020-06-23,0.708308066566528,1.08147546732157,0.297868948576108,0.894810314301381,0.521409150760089,7,2021-02-25
"86","Georgia",2020-06-24,0.701515651138437,1.0752503685453,0.286179121598346,0.890873848349283,0.514368158077699,7,2021-02-25
"87","Georgia",2020-06-25,0.703217410668788,1.0705468835698,0.294240529685795,0.89138857173844,0.518318881402638,7,2021-02-25
"88","Georgia",2020-06-26,0.708131991603757,1.07751371776524,0.294455499544626,0.895973123362726,0.521030238012499,7,2021-02-25
"89","Georgia",2020-06-27,0.73476553686929,1.10219453301981,0.324035062072092,0.921130295256555,0.549241486484631,7,2021-02-25
"90","Georgia",2020-06-28,0.779994578710891,1.14317736661642,0.385833268883753,0.960580328419338,0.598152367850294,7,2021-02-25
"91","Georgia",2020-06-29,0.823833416668618,1.18684047217462,0.428152332308327,1.00264075583042,0.645945010408788,7,2021-02-25
"92","Georgia",2020-06-30,0.894245629146039,1.26053620359768,0.516640268042112,1.06545675302985,0.721939550639215,7,2021-02-25
"93","Georgia",2020-07-01,0.99035465862847,1.35972420692222,0.627755550396459,1.15905925224024,0.82052121460784,7,2021-02-25
"94","Georgia",2020-07-02,1.09509470587551,1.49871216374012,0.734631526093525,1.27329150008328,0.916545940677861,7,2021-02-25
"95","Georgia",2020-07-03,1.08389197756894,1.46382263892404,0.72176751012093,1.25698253691521,0.910913817645512,7,2021-02-25
"96","Georgia",2020-07-04,1.08084184766541,1.45171794128202,0.720527536143268,1.24946247982577,0.91178847758951,7,2021-02-25
"97","Georgia",2020-07-05,1.06382885253355,1.42582837620243,0.696755431538658,1.23332376514377,0.893282112443846,7,2021-02-25
"98","Georgia",2020-07-06,1.07514747456302,1.43095919766576,0.703679067092145,1.24500176225151,0.905672618399323,7,2021-02-25
"99","Georgia",2020-07-07,1.13639715903571,1.50711712860498,0.778687359366749,1.30585081168184,0.96753171169558,7,2021-02-25
"100","Georgia",2020-07-08,1.17788099949259,1.55049941568048,0.818297712669873,1.34777976314576,1.00981870674495,7,2021-02-25
"101","Georgia",2020-07-09,1.20715771734489,1.58281421973237,0.850675886340642,1.37795713928565,1.03533483034275,7,2021-02-25
"102","Georgia",2020-07-10,1.23695680904707,1.61283889416866,0.884859865566633,1.40538745486905,1.06685833704608,7,2021-02-25
"103","Georgia",2020-07-11,1.2698142257368,1.65504961966598,0.916360950727558,1.44147726812104,1.09794954425964,7,2021-02-25
"104","Georgia",2020-07-12,1.25306113920511,1.61969014676373,0.89996882375453,1.41952885706411,1.08331265108411,7,2021-02-25
"105","Georgia",2020-07-13,1.25510942053039,1.61818636894233,0.898230478206877,1.42331921522223,1.08681653926987,7,2021-02-25
"106","Georgia",2020-07-14,1.20543809308952,1.56433579256406,0.827056307709134,1.377282684205,1.03692896309603,7,2021-02-25
"107","Georgia",2020-07-15,1.19587294509114,1.5592471185465,0.805881997196744,1.36793607252641,1.0248121740387,7,2021-02-25
"108","Georgia",2020-07-16,1.20404808182891,1.56765574189804,0.809039432167062,1.37900557187148,1.02934464674657,7,2021-02-25
"109","Georgia",2020-07-17,1.28256262670789,1.64982697600093,0.913973254921998,1.45353506690332,1.11259887128489,7,2021-02-25
"110","Georgia",2020-07-18,1.39959559960861,1.79287351262109,1.02954386209127,1.5769455444342,1.22191487159063,7,2021-02-25
"111","Georgia",2020-07-19,1.48997800827403,1.91699514042351,1.11376712857106,1.67899987498019,1.29608870105541,7,2021-02-25
"112","Georgia",2020-07-20,1.54294463590806,1.99048500451499,1.15465835860376,1.74575634116393,1.33865075737861,7,2021-02-25
"113","Georgia",2020-07-21,1.57249875098754,2.03745183901618,1.16593638663985,1.78364325043991,1.35912849980051,7,2021-02-25
"114","Georgia",2020-07-22,1.61372911605362,2.12597807902268,1.18269798585665,1.84431395857874,1.38203006844771,7,2021-02-25
"115","Georgia",2020-07-23,1.50191398126126,1.94915783377498,1.11886264986106,1.69955512837106,1.30125752012411,7,2021-02-25
"116","Georgia",2020-07-24,1.41801791596433,1.83592079809151,1.04832706124337,1.60271294136368,1.23116392588664,7,2021-02-25
"117","Georgia",2020-07-25,1.29314052846512,1.66809124290482,0.935291050640264,1.46516133711442,1.12284167764127,7,2021-02-25
"118","Georgia",2020-07-26,1.18190482599438,1.54104711346814,0.814638590288806,1.34965490918545,1.01557594613245,7,2021-02-25
"119","Georgia",2020-07-27,1.06672610283843,1.42087803206324,0.67287530673626,1.24227065663032,0.892589817571502,7,2021-02-25
"120","Georgia",2020-07-28,0.99556970624791,1.36253952145555,0.586065633525438,1.17900846419892,0.813033408959808,7,2021-02-25
"121","Georgia",2020-07-29,0.946584119408243,1.31469960340498,0.527502716111989,1.13287045101482,0.760928606497841,7,2021-02-25
"122","Georgia",2020-07-30,0.891312786637216,1.26470913684468,0.462685215517755,1.08354984035022,0.700090793666818,7,2021-02-25
"123","Georgia",2020-07-31,0.868916938414683,1.24869363405147,0.439931164025025,1.06446990332468,0.674676504817056,7,2021-02-25
"124","Georgia",2020-08-01,0.846069781962689,1.23273710892399,0.406242455431597,1.04687032964377,0.647135098554381,7,2021-02-25
"125","Georgia",2020-08-02,0.863068889521185,1.24525300365395,0.432973350343873,1.05890443303467,0.669779895084594,7,2021-02-25
"126","Georgia",2020-08-03,0.888655063194449,1.26199447541494,0.460859628128229,1.08163035793518,0.698652582724694,7,2021-02-25
"127","Georgia",2020-08-04,0.966761979034886,1.32327166196522,0.573790486235912,1.14542046388911,0.78826060759166,7,2021-02-25
"128","Georgia",2020-08-05,1.08982191218355,1.45572330782547,0.71936295763897,1.25692621693499,0.920786361664318,7,2021-02-25
"129","Georgia",2020-08-06,1.11085674919353,1.4747280730916,0.749721849858317,1.27921500934806,0.943205082207803,7,2021-02-25
"130","Georgia",2020-08-07,1.12856537499337,1.49139950733912,0.76749252908485,1.29700489444539,0.96020897931218,7,2021-02-25
"131","Georgia",2020-08-08,1.16959012087354,1.53738411236187,0.810042248526734,1.33684636821694,1.00203161011371,7,2021-02-25
"132","Georgia",2020-08-09,1.2810782091528,1.68352813799403,0.921068967997961,1.45705264716298,1.10431310754551,7,2021-02-25
"133","Georgia",2020-08-10,1.39873387068723,1.87409435797119,1.0059975091704,1.60350077112609,1.195079378962,7,2021-02-25
"134","Georgia",2020-08-11,1.3477280587304,1.76621411450799,0.975740228226317,1.53239218508413,1.16182241887345,7,2021-02-25
"135","Georgia",2020-08-12,1.29795048781082,1.690061771029,0.939244397537356,1.47642121708354,1.11741845664101,7,2021-02-25
"136","Georgia",2020-08-13,1.2451320725126,1.61706686235777,0.882510760912087,1.41571077304693,1.07382339854686,7,2021-02-25
"137","Georgia",2020-08-14,1.26683115289956,1.6619529555731,0.912035450179369,1.4400883081564,1.09102642554707,7,2021-02-25
"138","Georgia",2020-08-15,1.20298361866651,1.57466084645616,0.848254558275904,1.37069512499435,1.03487123473797,7,2021-02-25
"139","Georgia",2020-08-16,1.13574082364353,1.49456546938634,0.766411663254037,1.30325398162799,0.968302978606873,7,2021-02-25
"140","Georgia",2020-08-17,1.05921329721306,1.41348064717497,0.670777065914325,1.23397322546326,0.884861946375284,7,2021-02-25
"141","Georgia",2020-08-18,1.03951759642412,1.39464217369177,0.643556592607086,1.21895189664175,0.860823571413175,7,2021-02-25
"142","Georgia",2020-08-19,1.03446534725671,1.39224451770345,0.639609489921785,1.21410344812786,0.857221250765564,7,2021-02-25
"143","Georgia",2020-08-20,1.03805160340435,1.39838289014677,0.646169646523796,1.21758831701769,0.861051244866389,7,2021-02-25
"144","Georgia",2020-08-21,1.06118953761915,1.41968786141837,0.673153626167872,1.23602618923333,0.887002987633266,7,2021-02-25
"145","Georgia",2020-08-22,1.05426721235684,1.41314022588249,0.66541189147484,1.23233966445052,0.876621702627621,7,2021-02-25
"146","Georgia",2020-08-23,1.0684694469582,1.43079705517545,0.683245114500265,1.24718239794496,0.890122463845534,7,2021-02-25
"147","Georgia",2020-08-24,1.04101006344164,1.41443422460695,0.637020139552934,1.22904967392992,0.856693915861152,7,2021-02-25
"148","Georgia",2020-08-25,1.02916667818024,1.40755837006949,0.610010764122237,1.22377199955535,0.836698989908126,7,2021-02-25
"149","Georgia",2020-08-26,1.04189792700169,1.42741625994211,0.608551922899261,1.24078068390482,0.843730603799899,7,2021-02-25
"150","Georgia",2020-08-27,1.08773636481968,1.46879209658199,0.662497739676014,1.2811305428558,0.893253620744824,7,2021-02-25
"151","Georgia",2020-08-28,1.13303265243887,1.5105012554695,0.712706582497006,1.32657129213694,0.940651288022948,7,2021-02-25
"152","Georgia",2020-08-29,1.20694631905244,1.57695218687883,0.791773971792114,1.39465603170332,1.02111598919487,7,2021-02-25
"153","Georgia",2020-08-30,1.32477436839286,1.68166594919854,0.937557139194405,1.49818440317147,1.15120205205565,7,2021-02-25
"154","Georgia",2020-08-31,1.49346027622607,1.86421031355969,1.13611943910184,1.66250064062732,1.32213603772875,7,2021-02-25
"155","Georgia",2020-09-01,1.62358350354565,2.02925727934451,1.26388068055747,1.80362928254737,1.44335600564072,7,2021-02-25
"156","Georgia",2020-09-02,1.71199728345824,2.1418781075999,1.3421075868045,1.89862641033983,1.52367530901698,7,2021-02-25
"157","Georgia",2020-09-03,1.68355586207654,2.06223427552492,1.33044789393969,1.8558141578935,1.51275883182369,7,2021-02-25
"158","Georgia",2020-09-04,1.69504386222687,2.06792692394484,1.33617248161744,1.86621069385541,1.52646489179461,7,2021-02-25
"159","Georgia",2020-09-05,1.70990122874632,2.07934748227525,1.34829342448783,1.8810690392668,1.53963469441985,7,2021-02-25
"160","Georgia",2020-09-06,1.75496182210519,2.12633341988678,1.39393629303737,1.92752063408808,1.58345908066489,7,2021-02-25
"161","Georgia",2020-09-07,1.81968987905952,2.19603668135753,1.46306095031692,1.99432480617955,1.64450362825199,7,2021-02-25
"162","Georgia",2020-09-08,1.90197128507494,2.29057260927999,1.53712154475577,2.07918660298462,1.72540134692718,7,2021-02-25
"163","Georgia",2020-09-09,1.97690696668616,2.37652597569974,1.60082671903997,2.16163213937411,1.79141704260655,7,2021-02-25
"164","Georgia",2020-09-10,2.07815807683081,2.50794068957668,1.67233336933276,2.27715750052239,1.87606854627678,7,2021-02-25
"165","Georgia",2020-09-11,2.19049938577575,2.67983971801284,1.73097799379962,2.41971971048079,1.95908497896188,7,2021-02-25
"166","Georgia",2020-09-12,2.26861695092277,2.8267143617505,1.76290253824371,2.52707171307134,2.00674575806736,7,2021-02-25
"167","Georgia",2020-09-13,2.20898947712899,2.72180392494328,1.73772274079185,2.44518423312148,1.97193878387529,7,2021-02-25
"168","Georgia",2020-09-14,2.11972860476766,2.57116168802318,1.69725186933733,2.33032615550246,1.90451265264771,7,2021-02-25
"169","Georgia",2020-09-15,2.01870776265416,2.43193555422908,1.63563297474065,2.21236420598962,1.82371526752414,7,2021-02-25
"170","Georgia",2020-09-16,1.91970620326698,2.31192356068837,1.55919473699733,2.09905089763565,1.73887064831959,7,2021-02-25
"171","Georgia",2020-09-17,1.81245617070658,2.18233392662731,1.45052320969276,1.98394062689056,1.64098839813014,7,2021-02-25
"172","Georgia",2020-09-18,1.72393377050149,2.08838752398767,1.34894793463409,1.8944156817872,1.55490934452155,7,2021-02-25
"173","Georgia",2020-09-19,1.65324686371065,2.01247717322682,1.26855387583443,1.82658160503327,1.48102758608893,7,2021-02-25
"174","Georgia",2020-09-20,1.59942229725667,1.95677924398603,1.21037379446966,1.77281227841989,1.42669306273355,7,2021-02-25
"175","Georgia",2020-09-21,1.55781429790772,1.91798493094323,1.16835024936979,1.73463736932856,1.38218133396879,7,2021-02-25
"176","Georgia",2020-09-22,1.53286259704791,1.88704130089938,1.14469409672683,1.70898816411177,1.35833307943375,7,2021-02-25
"177","Georgia",2020-09-23,1.51536138203805,1.87578988866376,1.13047036445676,1.68958330665346,1.34295654748524,7,2021-02-25
"178","Georgia",2020-09-24,1.504564234374,1.86536213478636,1.12148713130944,1.67521732758872,1.33115192150354,7,2021-02-25
"179","Georgia",2020-09-25,1.49144849748596,1.85499342976017,1.11211348373838,1.66289417783862,1.31907705789592,7,2021-02-25
"180","Georgia",2020-09-26,1.48243412622792,1.83686849531374,1.10091494930989,1.65314510652976,1.31377489944828,7,2021-02-25
"181","Georgia",2020-09-27,1.47170847968043,1.82756752725066,1.09677003472858,1.64312583057487,1.30090198370265,7,2021-02-25
"182","Georgia",2020-09-28,1.46341545041284,1.81843918192084,1.09086408372912,1.63355916752018,1.29265423508181,7,2021-02-25
"183","Georgia",2020-09-29,1.46419865457716,1.82374543180872,1.09262442235693,1.63504260198655,1.29206995895046,7,2021-02-25
"184","Georgia",2020-09-30,1.47405255598165,1.83608216854975,1.10690116092808,1.64331683057521,1.30378051369421,7,2021-02-25
"185","Georgia",2020-10-01,1.4974231629185,1.86173428670706,1.137510384263,1.66555243991904,1.32971410970243,7,2021-02-25
"186","Georgia",2020-10-02,1.49565064689974,1.86153227032906,1.13897444744433,1.66293082746935,1.32551371026882,7,2021-02-25
"187","Georgia",2020-10-03,1.48610100543455,1.86041045073106,1.12833080450847,1.65167410906947,1.31821925033497,7,2021-02-25
"188","Georgia",2020-10-04,1.47287555224067,1.84879815684048,1.1130889173003,1.6406869211233,1.30564760596153,7,2021-02-25
"189","Georgia",2020-10-05,1.44324930637419,1.81382176768747,1.08045139980927,1.61030333082497,1.27438354952237,7,2021-02-25
"190","Georgia",2020-10-06,1.40034580354129,1.75836452185037,1.03510665791133,1.56679639162806,1.23382543947794,7,2021-02-25
"191","Georgia",2020-10-07,1.35837527529086,1.70514943318448,0.985590147086203,1.52680637976705,1.19097161838931,7,2021-02-25
"192","Georgia",2020-10-08,1.32779194450256,1.67767966789875,0.946796315337894,1.49790580460254,1.15739244353777,7,2021-02-25
"193","Georgia",2020-10-09,1.314639176408,1.66845634381976,0.92907878602466,1.48711383845359,1.14359248523312,7,2021-02-25
"194","Georgia",2020-10-10,1.3067743146519,1.66146781991499,0.917203430460764,1.47993947241996,1.13543071606422,7,2021-02-25
"195","Georgia",2020-10-11,1.31071715049626,1.66474987761783,0.919093819057263,1.48280670664428,1.13863200154565,7,2021-02-25
"196","Georgia",2020-10-12,1.32534659355115,1.6814681887289,0.929099951230358,1.4979050420289,1.1540619361562,7,2021-02-25
"197","Georgia",2020-10-13,1.36606869545644,1.7179744998766,0.986023704670485,1.53553045500506,1.19796376498499,7,2021-02-25
"198","Georgia",2020-10-14,1.41760825484362,1.77569660572203,1.05373019236549,1.58549499848696,1.24811450012254,7,2021-02-25
"199","Georgia",2020-10-15,1.47254045487139,1.84561813234893,1.11867148963002,1.64144916727204,1.30220017904851,7,2021-02-25
"200","Georgia",2020-10-16,1.49732084140834,1.87211912590643,1.14330176808218,1.66733801048416,1.32655062988323,7,2021-02-25
"201","Georgia",2020-10-17,1.51801764691234,1.89983996294458,1.16243865598156,1.68922974400022,1.34642282800197,7,2021-02-25
"202","Georgia",2020-10-18,1.53862476083999,1.92548364103375,1.18680119702872,1.71248004126592,1.36435638010817,7,2021-02-25
"203","Georgia",2020-10-19,1.53578978562503,1.91162647929974,1.17975185479846,1.70867198309986,1.36291012385064,7,2021-02-25
"204","Georgia",2020-10-20,1.53290780901529,1.9100568534766,1.17520066481694,1.70445987467668,1.36193319525337,7,2021-02-25
"205","Georgia",2020-10-21,1.53519164171335,1.91596959990741,1.17994620308451,1.70816688796915,1.36388903785695,7,2021-02-25
"206","Georgia",2020-10-22,1.53747045885367,1.92200419365867,1.17907749849415,1.70979740071586,1.36346566759794,7,2021-02-25
"207","Georgia",2020-10-23,1.52541823449187,1.9139320989187,1.16291690382504,1.69947235507306,1.35016822250266,7,2021-02-25
"208","Georgia",2020-10-24,1.49870703874593,1.88734502449615,1.13769397838314,1.6726032316738,1.32243903923199,7,2021-02-25
"209","Georgia",2020-10-25,1.45507160282926,1.83753935920955,1.09337012396845,1.62576786865096,1.28318306558329,7,2021-02-25
"210","Georgia",2020-10-26,1.4043724490559,1.77668165879726,1.03934683275218,1.57524452149603,1.23484701748359,7,2021-02-25
"211","Georgia",2020-10-27,1.35341294160174,1.71418294043055,0.985897037980019,1.52162104140608,1.1829520286979,7,2021-02-25
"212","Georgia",2020-10-28,1.30872909975676,1.66356519058691,0.93332033453263,1.47748690377011,1.14049430106331,7,2021-02-25
"213","Georgia",2020-10-29,1.27590291259874,1.63507736624218,0.90169681317228,1.44719268403004,1.10406680034522,7,2021-02-25
"214","Georgia",2020-10-30,1.25234144337715,1.60965154981423,0.869879610393992,1.4243255122232,1.08244295183945,7,2021-02-25
"215","Georgia",2020-10-31,1.2410741175027,1.60197547213769,0.858642806680858,1.41425305281617,1.06858080175543,7,2021-02-25
"216","Georgia",2020-11-01,1.2423375075114,1.59778064730869,0.866261086099939,1.41251890077387,1.07165674551648,7,2021-02-25
"217","Georgia",2020-11-02,1.25013248285287,1.60741931459166,0.874355496327898,1.41920949155819,1.08083758275705,7,2021-02-25
"218","Georgia",2020-11-03,1.26558268847319,1.62131109166509,0.898388723609065,1.43406039034446,1.09822267311046,7,2021-02-25
"219","Georgia",2020-11-04,1.28987374341273,1.65105880212049,0.928817608442792,1.45665812790626,1.12328296054199,7,2021-02-25
"220","Georgia",2020-11-05,1.306919377108,1.67404208068535,0.948215115426366,1.47521189720372,1.13793851370668,7,2021-02-25
"221","Georgia",2020-11-06,1.32006709825582,1.68837248210852,0.959078452369947,1.48959363547944,1.15030691528497,7,2021-02-25
"222","Georgia",2020-11-07,1.31926642138515,1.69051558672233,0.965943606654116,1.48676607943444,1.15057131677611,7,2021-02-25
"223","Georgia",2020-11-08,1.30988235930771,1.67410684881189,0.956497689206294,1.47642321365412,1.14287118358842,7,2021-02-25
"224","Georgia",2020-11-09,1.29403655639251,1.66049510715613,0.938025719666212,1.46179535068568,1.1258444299529,7,2021-02-25
"225","Georgia",2020-11-10,1.27764295041469,1.64167703403779,0.917927883866871,1.4448585515401,1.10893795960187,7,2021-02-25
"226","Georgia",2020-11-11,1.26194266841456,1.62827086799173,0.90043477927404,1.42822566714059,1.09406452701776,7,2021-02-25
"227","Georgia",2020-11-12,1.2503897167319,1.6170928358263,0.888245894884099,1.41935190090246,1.08208927737471,7,2021-02-25
"228","Georgia",2020-11-13,1.24059734122695,1.60900077543291,0.879349927867983,1.40859010039051,1.07198870221508,7,2021-02-25
"229","Georgia",2020-11-14,1.22120253059337,1.58705112962856,0.859956197688035,1.38990589594839,1.0538653263231,7,2021-02-25
"230","Georgia",2020-11-15,1.19771445538752,1.55729164380534,0.832483455964416,1.36639595556887,1.03165894714997,7,2021-02-25
"231","Georgia",2020-11-16,1.18335073426331,1.54179939957048,0.821866779605675,1.35153506356803,1.01553335791184,7,2021-02-25
"232","Georgia",2020-11-17,1.17587103682302,1.54123523234058,0.811025455817611,1.3435968321192,1.00710367784616,7,2021-02-25
"233","Georgia",2020-11-18,1.17607932524429,1.53930229160694,0.814498222982292,1.34359609670644,1.00786856274305,7,2021-02-25
"234","Georgia",2020-11-19,1.17439591495932,1.53531052040626,0.816124409465157,1.34348571630612,1.00611518399145,7,2021-02-25
"235","Georgia",2020-11-20,1.1688635839428,1.5320177830195,0.809012446817416,1.33752410814725,0.999825757478916,7,2021-02-25
"236","Georgia",2020-11-21,1.16106656681722,1.52736185336687,0.798534975884708,1.32954221749776,0.992312616547074,7,2021-02-25
"237","Georgia",2020-11-22,1.14944831754549,1.51303196577925,0.783109980755396,1.31970174712124,0.980194822853715,7,2021-02-25
"238","Georgia",2020-11-23,1.13028130763502,1.4957033540901,0.764734040522787,1.29899215885265,0.958285769427125,7,2021-02-25
"239","Georgia",2020-11-24,1.10809892804149,1.46744299288733,0.738293224521405,1.27786402271898,0.938786390825529,7,2021-02-25
"240","Georgia",2020-11-25,1.10393125469449,1.4659016320678,0.735061127949474,1.27195234330725,0.93701731534999,7,2021-02-25
"241","Georgia",2020-11-26,1.11756799579831,1.48038370435005,0.752839592149111,1.28590126075664,0.948112235449398,7,2021-02-25
"242","Georgia",2020-11-27,1.13087162758802,1.49889466695084,0.770841944545606,1.30031382438792,0.959305565284262,7,2021-02-25
"243","Georgia",2020-11-28,1.12255551868246,1.48915642961667,0.760245301867574,1.29149328718538,0.953452581696587,7,2021-02-25
"244","Georgia",2020-11-29,1.10479232097302,1.47288485960377,0.742657668589745,1.27333980560884,0.937758868164177,7,2021-02-25
"245","Georgia",2020-11-30,1.0804445535247,1.44289087458967,0.717284714539498,1.25127828458428,0.910975966280545,7,2021-02-25
"246","Georgia",2020-12-01,1.07674053186175,1.4440688211318,0.713871725167652,1.24635017485849,0.90528414107921,7,2021-02-25
"247","Georgia",2020-12-02,1.08057794926242,1.45521519713814,0.715607900465897,1.24995942463365,0.910537383593332,7,2021-02-25
"248","Georgia",2020-12-03,1.08617329174487,1.45267781484168,0.731456812087376,1.2546167840137,0.916094908233372,7,2021-02-25
"249","Georgia",2020-12-04,1.08885638019232,1.45983116267307,0.73447639908058,1.25951253533271,0.920139603775155,7,2021-02-25
"250","Georgia",2020-12-05,1.07408109708426,1.44830568247552,0.717906748366189,1.24282191342677,0.904524441206905,7,2021-02-25
"251","Georgia",2020-12-06,1.03666919919205,1.40691580094465,0.676237174689992,1.20289862209468,0.869644233472341,7,2021-02-25
"252","Georgia",2020-12-07,1.00337490802718,1.36406069304906,0.645004379914174,1.16976618927134,0.836243621855498,7,2021-02-25
"253","Georgia",2020-12-08,1.00555473206001,1.37269189907767,0.651881255306859,1.17323986868029,0.83803309775577,7,2021-02-25
"254","Georgia",2020-12-09,0.99418030065922,1.35659365823142,0.640694362734493,1.16222196359691,0.826285353807666,7,2021-02-25
"255","Georgia",2020-12-10,0.968046250624669,1.32872706837638,0.610146613722936,1.13645770053856,0.800804802224237,7,2021-02-25
"256","Georgia",2020-12-11,0.929514262411719,1.2953263057652,0.566283972607363,1.09618448492961,0.762530749545168,7,2021-02-25
"257","Georgia",2020-12-12,0.888688970042563,1.24922114044441,0.521376406368482,1.05650656027635,0.721163473651925,7,2021-02-25
"258","Georgia",2020-12-13,0.844736283700633,1.20260884753404,0.468158886735036,1.01414870851289,0.675073187292779,7,2021-02-25
"259","Georgia",2020-12-14,0.817363862020546,1.16483936309858,0.442343907391767,0.987436442844978,0.646568163604847,7,2021-02-25
"260","Georgia",2020-12-15,0.830980874117966,1.18674534282916,0.462935199178362,0.997615100418905,0.663142813974585,7,2021-02-25
"261","Georgia",2020-12-16,0.821428269861074,1.1797057004965,0.456104487817821,0.98914599007859,0.654523043361399,7,2021-02-25
"262","Georgia",2020-12-17,0.801870573383121,1.16184907175348,0.435412674516414,0.969554178250694,0.633785377473775,7,2021-02-25
"263","Georgia",2020-12-18,0.778532858778571,1.13705423764487,0.406912577075417,0.946651737591883,0.610359806442988,7,2021-02-25
"264","Georgia",2020-12-19,0.758598066173747,1.12030352158727,0.393417771089501,0.928071657200584,0.589135916351308,7,2021-02-25
"265","Georgia",2020-12-20,0.729560786324242,1.08369847046446,0.351768753563189,0.900894553989914,0.559698942789173,7,2021-02-25
"266","Georgia",2020-12-21,0.718304029552596,1.07397500625608,0.336523349188285,0.889976860572739,0.547475767019173,7,2021-02-25
"267","Georgia",2020-12-22,0.744592509198798,1.10297278811273,0.379137582439093,0.910478140201095,0.578762907795447,7,2021-02-25
"268","Georgia",2020-12-23,0.737807232335101,1.0962158010855,0.371897730124202,0.905911208216338,0.569989330343244,7,2021-02-25
"269","Georgia",2020-12-24,0.723148444227189,1.08204340874088,0.358714893894706,0.892467958635322,0.553708045126351,7,2021-02-25
"270","Georgia",2020-12-25,0.706839733719379,1.06120627236804,0.339733056085067,0.875463776316057,0.536844169608201,7,2021-02-25
"271","Georgia",2020-12-26,0.688713343098373,1.04004490745745,0.306504278586552,0.859467664284502,0.516400977559408,7,2021-02-25
"272","Georgia",2020-12-27,0.670367519867755,1.02848652822541,0.288470124711868,0.842838195335598,0.498838377980617,7,2021-02-25
"273","Georgia",2020-12-28,0.668417142247593,1.02557030900409,0.2881022531601,0.843572674078426,0.495580442699495,7,2021-02-25
"274","Georgia",2020-12-29,0.702410155959182,1.05893127499493,0.333777439848943,0.872575488774732,0.532907487956659,7,2021-02-25
"275","Georgia",2020-12-30,0.708740825427223,1.06691859912955,0.338115439344269,0.879009989995826,0.538710740369659,7,2021-02-25
"276","Georgia",2020-12-31,0.698766277069913,1.06054870239912,0.327032576918751,0.868757670342961,0.527439390829269,7,2021-02-25
"277","Georgia",2021-01-01,0.681317299880051,1.04158655382778,0.300939089374558,0.855128015592688,0.508489872007404,7,2021-02-25
"278","Georgia",2021-01-02,0.676443633641775,1.03541376034806,0.286677081722732,0.85345651047894,0.498714725313849,7,2021-02-25
"279","Georgia",2021-01-03,0.710798245286142,1.06792883750478,0.327814139236426,0.883601546584204,0.537370513894171,7,2021-02-25
"280","Georgia",2021-01-04,0.782943332819539,1.14435887513781,0.420859387492614,0.952426323716738,0.61479404983934,7,2021-02-25
"281","Georgia",2021-01-05,0.885097877733159,1.2740611596805,0.530045248442118,1.05743996313902,0.711766507612811,7,2021-02-25
"282","Georgia",2021-01-06,0.908811977393859,1.3018190512038,0.548896147950839,1.08338187096054,0.731400213964271,7,2021-02-25
"283","Georgia",2021-01-07,0.905128302270543,1.28351598151289,0.54658239114047,1.07945565014363,0.732569967136166,7,2021-02-25
"284","Georgia",2021-01-08,0.886167378045493,1.25580192282599,0.529354535950706,1.05542675766251,0.715918758314489,7,2021-02-25
"285","Georgia",2021-01-09,0.916511611913343,1.29888317144241,0.560619810846049,1.08872004588368,0.745219191022809,7,2021-02-25
"286","Georgia",2021-01-10,0.897410931569595,1.27036697482392,0.542568440767924,1.06616725849223,0.729293092860721,7,2021-02-25
"287","Georgia",2021-01-11,0.887443725724927,1.25590245580694,0.530478424200332,1.05664116181403,0.717614300614336,7,2021-02-25
"288","Georgia",2021-01-12,0.922722817908287,1.30759898649259,0.570999799220873,1.09257031986917,0.749192469967205,7,2021-02-25
"289","Georgia",2021-01-13,0.917162318812683,1.29709446615587,0.565857602917289,1.08761182104218,0.745297835022939,7,2021-02-25
"290","Georgia",2021-01-14,0.889188475331908,1.26392906076977,0.532135606256304,1.0614977138457,0.717934319543175,7,2021-02-25
"291","Georgia",2021-01-15,0.85512474596014,1.22253955745481,0.496357951384705,1.02046268332469,0.687687178943142,7,2021-02-25
"292","Georgia",2021-01-16,0.824440999487711,1.18869194078838,0.46267284161415,0.991527293586036,0.655908581038708,7,2021-02-25
"293","Georgia",2021-01-17,0.786374386091375,1.14682284705712,0.414337385582892,0.958556558142304,0.615918217400639,7,2021-02-25
"294","Georgia",2021-01-18,0.765144790029095,1.12024368430814,0.387320961131742,0.934260509573701,0.596155800127625,7,2021-02-25
"295","Georgia",2021-01-19,0.802635906845358,1.16054633516547,0.443738405156255,0.969376818590012,0.635703581977301,7,2021-02-25
"296","Georgia",2021-01-20,0.785905700140475,1.14055433702822,0.422433700172958,0.952035244970746,0.620209314958083,7,2021-02-25
"297","Georgia",2021-01-21,0.803407458266376,1.16406126596019,0.44380791108302,0.970579732969656,0.635966058418139,7,2021-02-25
"298","Georgia",2021-01-22,0.795840694837579,1.15658047352051,0.436203055534011,0.963045878134898,0.627228302305988,7,2021-02-25
"299","Georgia",2021-01-23,0.78485454582836,1.14240486610855,0.418150560793203,0.955823243494242,0.616766705773057,7,2021-02-25
"300","Georgia",2021-01-24,0.760279007785155,1.11171980107899,0.385634323691999,0.93262055372536,0.590355355713781,7,2021-02-25
"301","Georgia",2021-01-25,0.754379136287407,1.11134567302715,0.374694829475922,0.924784302697724,0.584037326539957,7,2021-02-25
"302","Georgia",2021-01-26,0.788239359925074,1.15190030413696,0.424749341802307,0.957243356241299,0.617898147257158,7,2021-02-25
"303","Georgia",2021-01-27,0.790549346892985,1.15067141905123,0.420309029961147,0.960605381616253,0.623123634024422,7,2021-02-25
"304","Georgia",2021-01-28,0.789349231242438,1.15200052635038,0.423849469278356,0.957635046824662,0.622618175183408,7,2021-02-25
"305","Georgia",2021-01-29,0.784540149043074,1.15302940764092,0.415892113232207,0.954578013692979,0.615742569877553,7,2021-02-25
"306","Georgia",2021-01-30,0.780132414838011,1.13980332431698,0.405143481020016,0.950161014825461,0.613217840493794,7,2021-02-25
"307","Georgia",2021-01-31,0.770623672597035,1.12747078615534,0.392725357531789,0.938665201732298,0.603036704744294,7,2021-02-25
"308","Georgia",2021-02-01,0.776136995812829,1.13490032621132,0.403554400397495,0.946518340718152,0.605921569045847,7,2021-02-25
"309","Georgia",2021-02-02,0.821442437751678,1.19175209298997,0.45934746265295,0.989909355583302,0.652482841001784,7,2021-02-25
"310","Georgia",2021-02-03,0.828636852759327,1.20176278923153,0.469295366867456,0.995194921746755,0.659566416467978,7,2021-02-25
"311","Georgia",2021-02-04,0.824043424193813,1.18693184182648,0.461957550596746,0.992669467834456,0.656087264414092,7,2021-02-25
"312","Georgia",2021-02-05,0.818435491792156,1.18038292796397,0.454761640184922,0.986140089325532,0.651945954854613,7,2021-02-25
"313","Georgia",2021-02-06,0.817909684228942,1.17977058836524,0.454713817137822,0.983293428436658,0.650806209158744,7,2021-02-25
"314","Georgia",2021-02-07,0.809144040273256,1.16577465324874,0.440949618094523,0.976348532476811,0.643536986960874,7,2021-02-25
"315","Georgia",2021-02-08,0.816693316732754,1.1803342944917,0.447206391042571,0.984021728500308,0.651172309003549,7,2021-02-25
"316","Georgia",2021-02-09,0.868134508841265,1.23915327403404,0.506532315786381,1.03632404159393,0.701010297300313,7,2021-02-25
"317","Georgia",2021-02-10,0.865245727969847,1.23656238274886,0.503933953436117,1.03558860996066,0.697716277474985,7,2021-02-25
"318","Georgia",2021-02-11,0.861186659450463,1.22755125529309,0.502255597752942,1.02861429733348,0.691794011398524,7,2021-02-25
"319","Georgia",2021-02-12,0.849310580823767,1.21788263580742,0.488138251460225,1.01922641007909,0.679345634457344,7,2021-02-25
"320","Georgia",2021-02-13,0.837714085161925,1.19295970081933,0.473562973993588,1.00702063127966,0.669825606461039,7,2021-02-25
"321","Georgia",2021-02-14,0.81852200272678,1.18163838918499,0.448444100208669,0.987533641022204,0.648402973840892,7,2021-02-25
"322","Georgia",2021-02-15,0.815221689428964,1.17810683336543,0.448011999310412,0.986759165362346,0.644880511732451,7,2021-02-25
"323","Georgia",2021-02-16,0.858405151675339,1.23451725412313,0.491417138867612,1.0298785962221,0.685945699145706,7,2021-02-25
"324","Georgia",2021-02-17,0.83946572377437,1.21335510814351,0.472417585256279,1.01105799592884,0.665670784976832,7,2021-02-25
"325","Georgia",2021-02-18,0.814126574056982,1.18874108420372,0.446091798247561,0.986661657098259,0.639811248230139,7,2021-02-25
"326","Georgia",2021-02-19,0.799337407035043,1.18137814650444,0.42063792827875,0.977040186777753,0.623112026722081,7,2021-02-25
"327","Georgia",2021-02-20,0.784943295432734,1.16992312872336,0.389602001583305,0.969575320068905,0.604254011335824,7,2021-02-25
"328","Georgia",2021-02-21,0.768821738251645,1.17504317011811,0.363108880817019,0.95983265654923,0.578749619630042,7,2021-02-25
"329","Georgia",2021-02-22,0.770957485032728,1.19885566080474,0.339565388856824,0.972914550992599,0.569364168878273,7,2021-02-25
"330","Georgia",2021-02-23,0.808976646598699,1.29088871004459,0.335673088866219,1.03172305767178,0.58754445962091,7,2021-02-25
